<?xml version="1.0" encoding="utf-8"?>
<edmx:Edmx Version="1.0" xmlns:edmx="http://schemas.microsoft.com/ado/2007/06/edmx" xmlns:m="http://schemas.microsoft.com/ado/2007/08/dataservices/metadata" xmlns:sap="http://www.sap.com/Protocols/SAPData">
	<edmx:DataServices m:DataServiceVersion="2.0">
		<Schema Namespace="ZCOSD_GEST_ADIC_CIRUGIA_SRV" xml:lang="es" sap:schema-version="1" xmlns="http://schemas.microsoft.com/ado/2008/09/edm">
			<EntityType Name="paciente" sap:content-version="1">
				<Key>
					<PropertyRef Name="nombre"/>
				</Key>
				<Property Name="nombre" Type="Edm.String" Nullable="false" MaxLength="90" sap:unicode="false" sap:label="Nombre Paciente" sap:creatable="false" sap:updatable="false" sap:filterable="false"/>
				<Property Name="doc_pac" Type="Edm.String" Nullable="false" MaxLength="20" sap:unicode="false" sap:label="Doc.Paciente" sap:creatable="false" sap:updatable="false" sap:sortable="false" sap:filterable="false"/>
			</EntityType>
			<EntityType Name="doc_paciente" sap:content-version="1">
				<Key>
					<PropertyRef Name="doc_pacienteId"/>
				</Key>
				<Property Name="doc_pacienteId" Type="Edm.String" Nullable="false" MaxLength="20" sap:unicode="false" sap:label="Doc.Paciente" sap:creatable="false" sap:updatable="false" sap:filterable="false"/>
				<Property Name="nombre" Type="Edm.String" Nullable="false" MaxLength="90" sap:unicode="false" sap:label="Nombre Paciente" sap:creatable="false" sap:updatable="false" sap:sortable="false" sap:filterable="false"/>
			</EntityType>
			<EntityType Name="protocolo" sap:content-version="1">
				<Key>
					<PropertyRef Name="cod_protocolo"/>
				</Key>
				<Property Name="cod_protocolo" Type="Edm.String" Nullable="false" MaxLength="40" sap:unicode="false" sap:label="Cod.Protocolo" sap:creatable="false" sap:updatable="false" sap:sortable="false" sap:filterable="false"/>
				<Property Name="des_protocolo" Type="Edm.String" Nullable="false" MaxLength="40" sap:unicode="false" sap:label="Des.Protocolo" sap:creatable="false" sap:updatable="false" sap:sortable="false" sap:filterable="false"/>
			</EntityType>
			<EntityType Name="sala" sap:content-version="1">
				<Key>
					<PropertyRef Name="salaId"/>
				</Key>
				<Property Name="salaId" Type="Edm.String" Nullable="false" MaxLength="10" sap:unicode="false" sap:label="Sala" sap:creatable="false" sap:updatable="false" sap:sortable="false" sap:filterable="false"/>
			</EntityType>
			<EntityType Name="datosMaterial" sap:content-version="1">
				<Key>
					<PropertyRef Name="material"/>
				</Key>
				<Property Name="material" Type="Edm.String" Nullable="false" MaxLength="100" sap:unicode="false" sap:label="Material" sap:creatable="false" sap:updatable="false" sap:sortable="false" sap:filterable="false"/>
				<Property Name="descripcion" Type="Edm.String" Nullable="false" MaxLength="60" sap:unicode="false" sap:label="Des.Material" sap:creatable="false" sap:updatable="false" sap:sortable="false" sap:filterable="false"/>
				<Property Name="cantidad" Type="Edm.String" Nullable="false" MaxLength="18" sap:unicode="false" sap:label="Cantidad" sap:creatable="false" sap:updatable="false" sap:sortable="false" sap:filterable="false"/>
				<Property Name="lote" Type="Edm.String" Nullable="false" MaxLength="10" sap:unicode="false" sap:label="Lote" sap:creatable="false" sap:updatable="false" sap:sortable="false" sap:filterable="false"/>
				<Property Name="type" Type="Edm.String" Nullable="false" MaxLength="1" sap:unicode="false" sap:label="Type" sap:creatable="false" sap:updatable="false" sap:sortable="false" sap:filterable="false"/>
				<Property Name="message" Type="Edm.String" Nullable="false" MaxLength="40" sap:unicode="false" sap:label="Mensaje" sap:creatable="false" sap:updatable="false" sap:sortable="false" sap:filterable="false"/>
			</EntityType>
			<EntityType Name="update_pedido" sap:content-version="1">
				<Key>
					<PropertyRef Name="pedido"/>
				</Key>
				<Property Name="pedido" Type="Edm.String" Nullable="false" MaxLength="10" sap:unicode="false" sap:label="Pedido" sap:creatable="false" sap:updatable="false" sap:sortable="false" sap:filterable="false"/>
				<Property Name="material" Type="Edm.String" Nullable="false" MaxLength="40" sap:unicode="false" sap:label="Prod.Adicional" sap:creatable="false" sap:updatable="false" sap:sortable="false" sap:filterable="false"/>
				<Property Name="descripcion" Type="Edm.String" Nullable="false" MaxLength="60" sap:unicode="false" sap:label="Des.Material" sap:creatable="false" sap:updatable="false" sap:sortable="false" sap:filterable="false"/>
				<Property Name="cantidad" Type="Edm.Int16" Nullable="false" sap:unicode="false" sap:label="Cantidad" sap:creatable="false" sap:updatable="false" sap:sortable="false" sap:filterable="false"/>
				<Property Name="lote" Type="Edm.String" Nullable="false" MaxLength="10" sap:unicode="false" sap:label="Lote" sap:creatable="false" sap:updatable="false" sap:sortable="false" sap:filterable="false"/>
				<Property Name="sala_cirugia" Type="Edm.String" Nullable="false" MaxLength="10" sap:unicode="false" sap:label="Sala" sap:creatable="false" sap:updatable="false" sap:sortable="false"/>
				<Property Name="sala_urgencia" Type="Edm.String" Nullable="false" MaxLength="10" sap:unicode="false" sap:label="Sala" sap:creatable="false" sap:updatable="false" sap:sortable="false"/>
				<Property Name="nombre_paciente" Type="Edm.String" Nullable="false" MaxLength="90" sap:unicode="false" sap:label="Nombre Paciente" sap:creatable="false" sap:updatable="false" sap:sortable="false"/>
				<Property Name="doc_pacienteId" Type="Edm.String" Nullable="false" MaxLength="20" sap:unicode="false" sap:label="Doc.Paciente" sap:creatable="false" sap:updatable="false" sap:sortable="false"/>
				<Property Name="protocolo_cirugia" Type="Edm.String" Nullable="false" MaxLength="40" sap:unicode="false" sap:label="Protocolo" sap:creatable="false" sap:updatable="false" sap:sortable="false"/>
				<Property Name="protocolo_urgencia" Type="Edm.String" Nullable="false" MaxLength="40" sap:unicode="false" sap:label="Protocolo" sap:creatable="false" sap:updatable="false" sap:sortable="false"/>
				<Property Name="nomb_enfermera" Type="Edm.String" Nullable="false" MaxLength="50" sap:unicode="false" sap:label="Nomb.Enfermera" sap:creatable="false" sap:updatable="false" sap:sortable="false" sap:filterable="false"/>
			</EntityType>
			<EntityType Name="salaUrgencia" sap:content-version="1">
				<Key>
					<PropertyRef Name="salaId"/>
				</Key>
				<Property Name="salaId" Type="Edm.String" Nullable="false" MaxLength="10" sap:unicode="false" sap:creatable="false" sap:updatable="false" sap:sortable="false" sap:filterable="false"/>
			</EntityType>
			<EntityType Name="protocoloUrgencia" sap:content-version="1">
				<Key>
					<PropertyRef Name="cod_protocolo"/>
				</Key>
				<Property Name="cod_protocolo" Type="Edm.String" Nullable="false" MaxLength="40" sap:unicode="false" sap:label="Cod.Protocolo" sap:creatable="false" sap:updatable="false" sap:sortable="false" sap:filterable="false"/>
				<Property Name="des_protocolo" Type="Edm.String" Nullable="false" MaxLength="40" sap:unicode="false" sap:label="Des.Protocolo" sap:creatable="false" sap:updatable="false" sap:sortable="false" sap:filterable="false"/>
			</EntityType>
			<EntityContainer Name="ZCOSD_GEST_ADIC_CIRUGIA_SRV_Entities" m:IsDefaultEntityContainer="true" sap:supported-formats="atom json xlsx">
				<EntitySet Name="pacienteSet" EntityType="ZCOSD_GEST_ADIC_CIRUGIA_SRV.paciente" sap:creatable="false" sap:updatable="false" sap:deletable="false" sap:pageable="false" sap:addressable="false" sap:content-version="1"/>
				<EntitySet Name="doc_pacienteSet" EntityType="ZCOSD_GEST_ADIC_CIRUGIA_SRV.doc_paciente" sap:creatable="false" sap:updatable="false" sap:deletable="false" sap:pageable="false" sap:addressable="false" sap:content-version="1"/>
				<EntitySet Name="protocoloSet" EntityType="ZCOSD_GEST_ADIC_CIRUGIA_SRV.protocolo" sap:creatable="false" sap:updatable="false" sap:deletable="false" sap:pageable="false" sap:addressable="false" sap:content-version="1"/>
				<EntitySet Name="salaSet" EntityType="ZCOSD_GEST_ADIC_CIRUGIA_SRV.sala" sap:creatable="false" sap:updatable="false" sap:deletable="false" sap:pageable="false" sap:addressable="false" sap:content-version="1"/>
				<EntitySet Name="datosMaterialSet" EntityType="ZCOSD_GEST_ADIC_CIRUGIA_SRV.datosMaterial" sap:creatable="false" sap:updatable="false" sap:deletable="false" sap:pageable="false" sap:addressable="false" sap:content-version="1"/>
				<EntitySet Name="update_pedidoSet" EntityType="ZCOSD_GEST_ADIC_CIRUGIA_SRV.update_pedido" sap:creatable="false" sap:updatable="false" sap:deletable="false" sap:pageable="false" sap:addressable="false" sap:content-version="1"/>
				<EntitySet Name="salaUrgenciaSet" EntityType="ZCOSD_GEST_ADIC_CIRUGIA_SRV.salaUrgencia" sap:creatable="false" sap:updatable="false" sap:deletable="false" sap:pageable="false" sap:addressable="false" sap:content-version="1"/>
				<EntitySet Name="protcoloUrgenciaSet" EntityType="ZCOSD_GEST_ADIC_CIRUGIA_SRV.protocoloUrgencia" sap:creatable="false" sap:updatable="false" sap:deletable="false" sap:pageable="false" sap:addressable="false" sap:content-version="1"/>
				<FunctionImport Name="validarMaterial" ReturnType="ZCOSD_GEST_ADIC_CIRUGIA_SRV.datosMaterial" EntitySet="datosMaterialSet" m:HttpMethod="GET" sap:action-for="ZCOSD_GEST_ADIC_CIRUGIA_SRV.datosMaterial">
					<Parameter Name="materialId" Type="Edm.String" Mode="In" MaxLength="18"/>
				</FunctionImport>
			</EntityContainer>
			<atom:link rel="self" href="https://scffihs4d.socofar.com:44300/sap/opu/odata/sap/ZCOSD_GEST_ADIC_CIRUGIA_SRV/$metadata" xmlns:atom="http://www.w3.org/2005/Atom"/>
			<atom:link rel="latest-version" href="https://scffihs4d.socofar.com:44300/sap/opu/odata/sap/ZCOSD_GEST_ADIC_CIRUGIA_SRV/$metadata" xmlns:atom="http://www.w3.org/2005/Atom"/>
		</Schema>
	</edmx:DataServices>
</edmx:Edmx>