[{
	"pedido": "pedido 1",
	"material": "material 1",
	"cantidad": "cantidad 1",
	"lote": "lote 1",
	"sala_cirugia": "salaId 1",
	"sala_urgencia": "sala_urgencia 1",
	"nombre_paciente": "nombre_paciente 1",
	"doc_pacienteId": "doc_pacienteId 1",
	"protocolo_cirugia": "protocolo_cirugia 1",
	"protocolo_urgencia": "protocolo_urgencia 1",
	"__metadata": {
		"uri": "update_pedidoSet('pedido%201')",
		"type": "ZCOSD_GEST_ADIC_CIRUGIA_SRV.update_pedido"
	}
}, {
	"pedido": "pedido 2",
	"material": "material 2",
	"cantidad": "cantidad 2",
	"lote": "lote 2",
	"sala_cirugia": "sala_cirugia 2",
	"sala_urgencia": "sala_urgencia 2",
	"nombre_paciente": "nombre_paciente 2",
	"doc_pacienteId": "doc_pacienteId 2",
	"protocolo_cirugia": "protocolo_cirugia 2",
	"protocolo_urgencia": "protocolo_urgencia 2",
	"__metadata": {
		"uri": "update_pedidoSet('pedido%202')",
		"type": "ZCOSD_GEST_ADIC_CIRUGIA_SRV.update_pedido"
	}
}, {
	"pedido": "pedido 3",
	"material": "material 3",
	"cantidad": "cantidad 3",
	"lote": "lote 3",
	"sala_cirugia": "sala_cirugia 3",
	"sala_urgencia": "sala_urgencia 3",
	"nombre_paciente": "nombre_paciente 3",
	"doc_pacienteId": "doc_pacienteId 3",
	"protocolo_cirugia": "protocolo_cirugia 3",
	"protocolo_urgencia": "protocolo_urgencia 3",
	"__metadata": {
		"uri": "update_pedidoSet('pedido%203')",
		"type": "ZCOSD_GEST_ADIC_CIRUGIA_SRV.update_pedido"
	}
}, {
	"pedido": "pedido 4",
	"material": "material 4",
	"cantidad": "cantidad 4",
	"lote": "lote 4",
	"sala_cirugia": "sala_cirugia 4",
	"sala_urgencia": "sala_urgencia 4",
	"nombre_paciente": "nombre_paciente 4",
	"doc_pacienteId": "doc_pacienteId 4",
	"protocolo_cirugia": "protocolo_cirugia 4",
	"protocolo_urgencia": "protocolo_urgencia 4",
	"__metadata": {
		"uri": "update_pedidoSet('pedido%204')",
		"type": "ZCOSD_GEST_ADIC_CIRUGIA_SRV.update_pedido"
	}
}, {
	"pedido": "pedido 5",
	"material": "material 5",
	"cantidad": "cantidad 5",
	"lote": "lote 5",
	"sala_cirugia": "sala_cirugia 5",
	"sala_urgencia": "sala_urgencia 5",
	"nombre_paciente": "nombre_paciente 5",
	"doc_pacienteId": "doc_pacienteId 5",
	"protocolo_cirugia": "protocolo_cirugia 5",
	"protocolo_urgencia": "protocolo_urgencia 5",
	"__metadata": {
		"uri": "update_pedidoSet('pedido%205')",
		"type": "ZCOSD_GEST_ADIC_CIRUGIA_SRV.update_pedido"
	}
}, {
	"pedido": "pedido 6",
	"material": "material 6",
	"cantidad": "cantidad 6",
	"lote": "lote 6",
	"sala_cirugia": "sala_cirugia 6",
	"sala_urgencia": "sala_urgencia 6",
	"nombre_paciente": "nombre_paciente 6",
	"doc_pacienteId": "doc_pacienteId 6",
	"protocolo_cirugia": "protocolo_cirugia 6",
	"protocolo_urgencia": "protocolo_urgencia 6",
	"__metadata": {
		"uri": "update_pedidoSet('pedido%206')",
		"type": "ZCOSD_GEST_ADIC_CIRUGIA_SRV.update_pedido"
	}
}, {
	"pedido": "pedido 7",
	"material": "material 7",
	"cantidad": "cantidad 7",
	"lote": "lote 7",
	"sala_cirugia": "sala_cirugia 7",
	"sala_urgencia": "sala_urgencia 7",
	"nombre_paciente": "nombre_paciente 7",
	"doc_pacienteId": "doc_pacienteId 7",
	"protocolo_cirugia": "protocolo_cirugia 7",
	"protocolo_urgencia": "protocolo_urgencia 7",
	"__metadata": {
		"uri": "update_pedidoSet('pedido%207')",
		"type": "ZCOSD_GEST_ADIC_CIRUGIA_SRV.update_pedido"
	}
}, {
	"pedido": "pedido 8",
	"material": "material 8",
	"cantidad": "cantidad 8",
	"lote": "lote 8",
	"sala_cirugia": "sala_cirugia 8",
	"sala_urgencia": "sala_urgencia 8",
	"nombre_paciente": "nombre_paciente 8",
	"doc_pacienteId": "doc_pacienteId 8",
	"protocolo_cirugia": "protocolo_cirugia 8",
	"protocolo_urgencia": "protocolo_urgencia 8",
	"__metadata": {
		"uri": "update_pedidoSet('pedido%208')",
		"type": "ZCOSD_GEST_ADIC_CIRUGIA_SRV.update_pedido"
	}
}, {
	"pedido": "pedido 9",
	"material": "material 9",
	"cantidad": "cantidad 9",
	"lote": "lote 9",
	"sala_cirugia": "sala_cirugia 9",
	"sala_urgencia": "sala_urgencia 9",
	"nombre_paciente": "nombre_paciente 9",
	"doc_pacienteId": "doc_pacienteId 9",
	"protocolo_cirugia": "protocolo_cirugia 9",
	"protocolo_urgencia": "protocolo_urgencia 9",
	"__metadata": {
		"uri": "update_pedidoSet('pedido%209')",
		"type": "ZCOSD_GEST_ADIC_CIRUGIA_SRV.update_pedido"
	}
}, {
	"pedido": "pedido 10",
	"material": "material 10",
	"cantidad": "cantidad 10",
	"lote": "lote 10",
	"sala_cirugia": "sala_cirugia 10",
	"sala_urgencia": "sala_urgencia 10",
	"nombre_paciente": "nombre_paciente 10",
	"doc_pacienteId": "doc_pacienteId 10",
	"protocolo_cirugia": "protocolo_cirugia 10",
	"protocolo_urgencia": "protocolo_urgencia 10",
	"__metadata": {
		"uri": "update_pedidoSet('pedido%2010')",
		"type": "ZCOSD_GEST_ADIC_CIRUGIA_SRV.update_pedido"
	}
}]